{
    "optimizer": "Hybrid AIS + GWOA",
    "best_learning_rate": 0.01,
    "best_dropout": 0.3122780607339803,
    "accuracy": 0.23529411764705882,
    "confusion_matrix": [
        [
            0,
            23,
            0
        ],
        [
            0,
            12,
            0
        ],
        [
            0,
            16,
            0
        ]
    ]
}